{
    "parent": "item/generated",
    "textures": {
        "layer0": "item/stick"
    },
    "overrides": [
    {"predicate": {"custom_model_data":1}, "model": "custom/platform0"},
    {"predicate": {"custom_model_data":2}, "model": "custom/flag0"},
    {"predicate": {"custom_model_data":3}, "model": "custom/flag1"},
    {"predicate": {"custom_model_data":4}, "model": "custom/flag2"},
    {"predicate": {"custom_model_data":5}, "model": "custom/platform1"},
    {"predicate": {"custom_model_data":6}, "model": "custom/spike"},
    {"predicate": {"custom_model_data":7}, "model": "custom/platform2"},
    {"predicate": {"custom_model_data":8}, "model": "custom/platform3"},
    {"predicate": {"custom_model_data":9}, "model": "custom/flag0upsidedown"},
    {"predicate": {"custom_model_data":10}, "model": "custom/flag1upsidedown"},
    {"predicate": {"custom_model_data":11}, "model": "custom/flag2upsidedown"},
    {"predicate": {"custom_model_data":12}, "model": "custom/spikeupsidedown"},
    {"predicate": {"custom_model_data":13}, "model": "custom/logobeta"},
    {"predicate": {"custom_model_data":14}, "model": "custom/jaegerwald0"},
    {"predicate": {"custom_model_data":15}, "model": "custom/jaegerwald1"},
    {"predicate": {"custom_model_data":16}, "model": "custom/jaegerwald2"},
    {"predicate": {"custom_model_data":17}, "model": "custom/platform4"},
    {"predicate": {"custom_model_data":18}, "model": "custom/platform5"}
  ]
}