{"stats":{"minecraft:picked_up":{"minecraft:stick":6,"minecraft:barrier":1,"minecraft:command_block":1,"minecraft:oak_sign":4,"minecraft:black_concrete":422,"minecraft:wooden_pickaxe":1,"minecraft:redstone_torch":1},"minecraft:custom":{"minecraft:time_since_rest":33913,"minecraft:play_one_minute":1986009,"minecraft:crouch_one_cm":250244,"minecraft:sprint_one_cm":1226489,"minecraft:damage_taken":3070,"minecraft:walk_one_cm":583253,"minecraft:deaths":4318,"minecraft:sneak_time":104522,"minecraft:drop":79,"minecraft:jump":10297,"minecraft:damage_dealt":0,"minecraft:leave_game":39,"minecraft:time_since_death":33912,"minecraft:fall_one_cm":4902,"minecraft:fly_one_cm":5531322},"minecraft:dropped":{"minecraft:crimson_planks":64,"minecraft:barrier":1,"minecraft:stone":1,"minecraft:wooden_pickaxe":1,"minecraft:glass":1,"minecraft:command_block":1,"minecraft:black_concrete":2,"minecraft:netherite_leggings":1,"minecraft:stick":7},"minecraft:used":{"minecraft:glass":1340,"minecraft:bedrock":46,"minecraft:glowstone":3,"minecraft:black_concrete":6089,"minecraft:repeater":15,"minecraft:command_block":24,"minecraft:armor_stand":2,"minecraft:redstone":3,"minecraft:barrier":801,"minecraft:oak_sign":18,"minecraft:repeating_command_block":21,"minecraft:stone":104,"minecraft:item_frame":1,"minecraft:structure_block":51,"minecraft:redstone_torch":78}},"DataVersion":2584}