{
	"credit": "Made with Blockbench",
	"textures": {
		"0": "tamed_potatoes/breeding_boxes/breeding_box_planted",
		"particle": "tamed_potatoes/breeding_boxes/breeding_box_planted"
	},
	"elements": [
		{
			"name": "dirt_with_hole",
			"from": [0, 0, 0],
			"to": [16, 8, 16],
			"faces": {
				"north": {"uv": [8, 5, 16, 9], "texture": "#0"},
				"east": {"uv": [8, 9, 16, 13], "texture": "#0"},
				"south": {"uv": [8, 5, 16, 9], "texture": "#0"},
				"west": {"uv": [8, 9, 16, 13], "texture": "#0"},
				"up": {"uv": [0, 5, 8, 13], "texture": "#0"},
				"down": {"uv": [8, 5, 16, 13], "texture": "#0"}
			}
		},
		{
			"name": "plank",
			"from": [-4, 1, -1],
			"to": [20, 5, 0],
			"faces": {
				"north": {"uv": [0, 0.5, 12, 2.5], "texture": "#0"},
				"east": {"uv": [12, 0.5, 12.5, 2], "texture": "#0"},
				"south": {"uv": [0, 2.5, 12, 4.5], "texture": "#0"},
				"west": {"uv": [12, 0.5, 12.5, 2], "texture": "#0"},
				"up": {"uv": [0, 0, 12, 0.5], "texture": "#0"},
				"down": {"uv": [0, 4.5, 12, 5], "texture": "#0"}
			}
		},
		{
			"name": "plank",
			"from": [-1, 3, -4],
			"to": [0, 7, 20],
			"rotation": {"angle": 0, "axis": "y", "origin": [8.83883, 3, -2.47487]},
			"faces": {
				"north": {"uv": [12, 0.5, 12.5, 2], "texture": "#0"},
				"east": {"uv": [0, 2.5, 12, 4.5], "texture": "#0"},
				"south": {"uv": [12, 0.5, 12.5, 2], "texture": "#0"},
				"west": {"uv": [0, 0.5, 12, 2.5], "texture": "#0"},
				"up": {"uv": [0, 0, 12, 0.5], "rotation": 270, "texture": "#0"},
				"down": {"uv": [0, 4.5, 12, 5], "rotation": 90, "texture": "#0"}
			}
		},
		{
			"name": "plank",
			"from": [16, 3, -4],
			"to": [17, 7, 20],
			"rotation": {"angle": 0, "axis": "y", "origin": [8.25, 4, 8.25]},
			"faces": {
				"north": {"uv": [12, 0.5, 12.5, 2], "texture": "#0"},
				"east": {"uv": [0, 0.5, 12, 2.5], "texture": "#0"},
				"south": {"uv": [12, 0.5, 12.5, 2], "texture": "#0"},
				"west": {"uv": [0, 2.5, 12, 4.5], "texture": "#0"},
				"up": {"uv": [0, 0, 12, 0.5], "rotation": 90, "texture": "#0"},
				"down": {"uv": [0, 4.5, 12, 5], "rotation": 270, "texture": "#0"}
			}
		},
		{
			"name": "plank",
			"from": [-4, 1, 16],
			"to": [20, 5, 17],
			"rotation": {"angle": 0, "axis": "y", "origin": [8.25, 4, 8.25]},
			"faces": {
				"north": {"uv": [0, 2.5, 12, 4.5], "texture": "#0"},
				"east": {"uv": [12, 0.5, 12.5, 2], "texture": "#0"},
				"south": {"uv": [0, 0.5, 12, 2.5], "texture": "#0"},
				"west": {"uv": [12, 0.5, 12.5, 2], "texture": "#0"},
				"up": {"uv": [0, 0, 12, 0.5], "rotation": 180, "texture": "#0"},
				"down": {"uv": [0, 4.5, 12, 5], "rotation": 180, "texture": "#0"}
			}
		}
	],
	"display": {
		"head": {
			"scale": [1.7, 1.7, 1.7]
		}
	}
}