{
	"credit": "Made by Jaegerwald",
	"textures": {
		"0": "flag",
		"particle": "flag"
	},
	"elements": [
		{
			"from": [1.5, 0, 6.5],
			"to": [1.5, 32, 9.5],
			"rotation": {"angle": 0, "axis": "y", "origin": [1.5, 16, 0]},
			"faces": {
				"north": {"uv": [0, 0, 0, 16], "texture": "#missing"},
				"east": {"uv": [4.75, 0, 5.5, 8], "texture": "#0"},
				"south": {"uv": [0, 0, 0, 16], "texture": "#missing"},
				"west": {"uv": [4, 0, 4.75, 8], "texture": "#0"},
				"up": {"uv": [0, 0, 3, 0], "rotation": 270, "texture": "#missing"},
				"down": {"uv": [0, 0, 3, 0], "rotation": 90, "texture": "#missing"}
			}
		},
		{
			"from": [0, 0, 7.99998],
			"to": [3, 32, 7.99998],
			"rotation": {"angle": 0, "axis": "y", "origin": [0.07507, 19, -0.00002]},
			"faces": {
				"north": {"uv": [5.5, 0, 6.25, 8], "texture": "#0"},
				"east": {"uv": [0, 0, 0, 16], "texture": "#missing"},
				"south": {"uv": [7, 0, 6.25, 8], "texture": "#0"},
				"west": {"uv": [0, 0, 0, 16], "texture": "#missing"},
				"up": {"uv": [0, 0, 3, 0], "texture": "#missing"},
				"down": {"uv": [0, 0, 3, 0], "texture": "#missing"}
			}
		},
		{
			"from": [0, 0, 6.5],
			"to": [3, 0, 9.5],
			"faces": {
				"north": {"uv": [0, 0, 3, 0], "texture": "#missing"},
				"east": {"uv": [0, 0, 3, 0], "texture": "#missing"},
				"south": {"uv": [0, 0, 3, 0], "texture": "#missing"},
				"west": {"uv": [0, 0, 3, 0], "texture": "#missing"},
				"up": {"uv": [7, 0, 7.75, 0.75], "texture": "#0"},
				"down": {"uv": [7.75, 0.75, 7, 1.5], "texture": "#0"}
			}
		},
		{
			"from": [0, 29, 6.5],
			"to": [3, 32, 9.5],
			"faces": {
				"north": {"uv": [9.25, 0, 10, 0.75], "texture": "#0"},
				"east": {"uv": [8.5, 0, 9.25, 0.75], "texture": "#0"},
				"south": {"uv": [8.5, 0.75, 9.25, 1.5], "texture": "#0"},
				"west": {"uv": [7.75, 0.75, 8.5, 1.5], "texture": "#0"},
				"up": {"uv": [7.75, 0, 8.5, 0.75], "texture": "#0"},
				"down": {"uv": [9.25, 0.75, 10, 1.5], "texture": "#0"}
			}
		},
		{
			"from": [4.84776, 19, 8.76535],
			"to": [6.84776, 29, 8.76535],
			"rotation": {"angle": 0, "axis": "y", "origin": [10.65746, 24, 8.38271]},
			"faces": {
				"north": {"uv": [3, 0, 3.5, 2.5], "texture": "#0"},
				"east": {"uv": [0, 0, 0, 10], "texture": "#missing"},
				"south": {"uv": [0.5, 2.5, 1, 5], "texture": "#0"},
				"west": {"uv": [0, 0, 0, 10], "texture": "#missing"},
				"up": {"uv": [0, 0, 16, 0], "texture": "#missing"},
				"down": {"uv": [0, 0, 16, 0], "texture": "#missing"}
			}
		},
		{
			"from": [12.54328, 19, 7.23462],
			"to": [14.54328, 29, 7.23462],
			"rotation": {"angle": 0, "axis": "y", "origin": [10.65746, 24, 9.85197]},
			"faces": {
				"north": {"uv": [1, 0, 1.5, 2.5], "texture": "#0"},
				"east": {"uv": [0, 0, 0, 10], "texture": "#missing"},
				"south": {"uv": [2.5, 2.5, 3, 5], "texture": "#0"},
				"west": {"uv": [0, 0, 0, 10], "texture": "#missing"},
				"up": {"uv": [0, 0, 16, 0], "texture": "#missing"},
				"down": {"uv": [0, 0, 16, 0], "texture": "#missing"}
			}
		},
		{
			"from": [8.69552, 19, 7.99998],
			"to": [10.69552, 29, 7.99998],
			"rotation": {"angle": 0, "axis": "y", "origin": [10.65746, 24, 8.38271]},
			"faces": {
				"north": {"uv": [2, 0, 2.5, 2.5], "texture": "#0"},
				"east": {"uv": [0, 0, 0, 10], "texture": "#missing"},
				"south": {"uv": [1.5, 2.5, 2, 5], "texture": "#0"},
				"west": {"uv": [0, 0, 0, 10], "texture": "#missing"},
				"up": {"uv": [0, 0, 16, 0], "texture": "#missing"},
				"down": {"uv": [0, 0, 16, 0], "texture": "#missing"}
			}
		},
		{
			"from": [6.99094, 19, 7.27824],
			"to": [8.99094, 29, 7.27824],
			"rotation": {"angle": 22.5, "axis": "y", "origin": [10.65746, 24, 8.38271]},
			"faces": {
				"north": {"uv": [2.5, 0, 3, 2.5], "texture": "#0"},
				"east": {"uv": [0, 0, 0, 10], "texture": "#missing"},
				"south": {"uv": [1, 2.5, 1.5, 5], "texture": "#0"},
				"west": {"uv": [0, 0, 0, 10], "texture": "#missing"},
				"up": {"uv": [0, 0, 16, 0], "texture": "#missing"},
				"down": {"uv": [0, 0, 16, 0], "texture": "#missing"}
			}
		},
		{
			"from": [15.5097, 19, 6.05806],
			"to": [17.5097, 29, 6.05806],
			"rotation": {"angle": -22.5, "axis": "y", "origin": [12.06648, 24, 4.21757]},
			"faces": {
				"north": {"uv": [0.5, 0, 1, 2.5], "texture": "#0"},
				"east": {"uv": [0, 0, 0, 10], "texture": "#missing"},
				"south": {"uv": [3, 2.5, 3.5, 5], "texture": "#0"},
				"west": {"uv": [0, 0, 0, 10], "texture": "#missing"},
				"up": {"uv": [0, 0, 16, 0], "texture": "#missing"},
				"down": {"uv": [0, 0, 16, 0], "texture": "#missing"}
			}
		},
		{
			"from": [16.39065, 19, 8.00091],
			"to": [18.39065, 29, 8.00091],
			"rotation": {"angle": 0, "axis": "y", "origin": [10.65708, 24, 8.38363]},
			"faces": {
				"north": {"uv": [0, 0, 0.5, 2.5], "texture": "#0"},
				"east": {"uv": [0, 0, 0, 10], "texture": "#missing"},
				"south": {"uv": [3.5, 2.5, 4, 5], "texture": "#0"},
				"west": {"uv": [0, 0, 0, 10], "texture": "#missing"},
				"up": {"uv": [0, 0, 16, 0], "texture": "#missing"},
				"down": {"uv": [0, 0, 16, 0], "texture": "#missing"}
			}
		},
		{
			"from": [3.43681, 19, 10.95942],
			"to": [5.43681, 29, 10.95942],
			"rotation": {"angle": -22.5, "axis": "y", "origin": [10.65746, 24, 8.38271]},
			"faces": {
				"north": {"uv": [3.5, 0, 4, 2.5], "texture": "#0"},
				"east": {"uv": [0, 0, 0, 10], "texture": "#missing"},
				"south": {"uv": [0, 2.5, 0.5, 5], "texture": "#0"},
				"west": {"uv": [0, 0, 0, 10], "texture": "#missing"},
				"up": {"uv": [0, 0, 16, 0], "texture": "#missing"},
				"down": {"uv": [0, 0, 16, 0], "texture": "#missing"}
			}
		},
		{
			"from": [10.82799, 19, 7.92951],
			"to": [12.82799, 29, 7.92951],
			"rotation": {"angle": 22.5, "axis": "y", "origin": [10.93891, 24, 8.29774]},
			"faces": {
				"north": {"uv": [1.5, 0, 2, 2.5], "texture": "#0"},
				"east": {"uv": [0, 0, 0, 10], "texture": "#missing"},
				"south": {"uv": [2, 2.5, 2.5, 5], "texture": "#0"},
				"west": {"uv": [0, 0, 0, 10], "texture": "#missing"},
				"up": {"uv": [0, 0, 16, 0], "texture": "#missing"},
				"down": {"uv": [0, 0, 16, 0], "texture": "#missing"}
			}
		}
	],
	"display": {
		"head": {
			"translation": [0, -30.25, 0],
			"scale": [1.6, 1.6, 1.6]
		}
	}
}