{
	"credit": "Made by Jaegerwald",
	"textures": {
		"0": "flag",
		"particle": "flag"
	},
	"elements": [
		{
			"from": [1.5, 0, 6.5],
			"to": [1.5, 32, 9.5],
			"rotation": {"angle": 0, "axis": "y", "origin": [1.5, 16, 0]},
			"faces": {
				"north": {"uv": [0, 0, 0, 16], "texture": "#missing"},
				"east": {"uv": [4.75, 0, 5.5, 8], "texture": "#0"},
				"south": {"uv": [0, 0, 0, 16], "texture": "#missing"},
				"west": {"uv": [4, 0, 4.75, 8], "texture": "#0"},
				"up": {"uv": [0, 0, 3, 0], "rotation": 270, "texture": "#missing"},
				"down": {"uv": [0, 0, 3, 0], "rotation": 90, "texture": "#missing"}
			}
		},
		{
			"from": [0, 0, 8],
			"to": [3, 32, 8],
			"faces": {
				"north": {"uv": [5.5, 0, 6.25, 8], "texture": "#0"},
				"east": {"uv": [0, 0, 0, 16], "texture": "#missing"},
				"south": {"uv": [7, 0, 6.25, 8], "texture": "#0"},
				"west": {"uv": [0, 0, 0, 16], "texture": "#missing"},
				"up": {"uv": [0, 0, 3, 0], "texture": "#missing"},
				"down": {"uv": [0, 0, 3, 0], "texture": "#missing"}
			}
		},
		{
			"from": [0, 0, 6.5],
			"to": [3, 0, 9.5],
			"faces": {
				"north": {"uv": [0, 0, 3, 0], "texture": "#missing"},
				"east": {"uv": [0, 0, 3, 0], "texture": "#missing"},
				"south": {"uv": [0, 0, 3, 0], "texture": "#missing"},
				"west": {"uv": [0, 0, 3, 0], "texture": "#missing"},
				"up": {"uv": [7, 0, 7.75, 0.75], "texture": "#0"},
				"down": {"uv": [7.75, 0.75, 7, 1.5], "texture": "#0"}
			}
		},
		{
			"from": [0, 29, 6.5],
			"to": [3, 32, 9.5],
			"faces": {
				"north": {"uv": [9.25, 0, 10, 0.75], "texture": "#0"},
				"east": {"uv": [8.5, 0, 9.25, 0.75], "texture": "#0"},
				"south": {"uv": [8.5, 0.75, 9.25, 1.5], "texture": "#0"},
				"west": {"uv": [7.75, 0.75, 8.5, 1.5], "texture": "#0"},
				"up": {"uv": [7.75, 0, 8.5, 0.75], "texture": "#0"},
				"down": {"uv": [9.25, 0.75, 10, 1.5], "texture": "#0"}
			}
		},
		{
			"from": [3, 19, 8],
			"to": [19, 29, 8],
			"faces": {
				"north": {"uv": [0, 0, 4, 2.5], "texture": "#0"},
				"east": {"uv": [0, 0, 0, 10], "texture": "#missing"},
				"south": {"uv": [0, 2.5, 4, 5], "texture": "#0"},
				"west": {"uv": [0, 0, 0, 10], "texture": "#missing"},
				"up": {"uv": [0, 0, 16, 0], "texture": "#missing"},
				"down": {"uv": [0, 0, 16, 0], "texture": "#missing"}
			}
		}
	],
	"display": {
		"head": {
			"rotation": [0, 0, -180],
			"translation": [0, -30.25, 0],
			"scale": [1.6, 1.6, 1.6]
		}
	}
}