{
	"credit": "Made by Jaegerwald",
	"textures": {
		"0": "flag",
		"particle": "flag"
	},
	"elements": [
		{
			"from": [1.5, 0, 6.5],
			"to": [1.5, 32, 9.5],
			"rotation": {"angle": 0, "axis": "y", "origin": [1.5, 16, 0]},
			"faces": {
				"north": {"uv": [0, 0, 0, 16], "texture": "#missing"},
				"east": {"uv": [4.75, 0, 5.5, 8], "texture": "#0"},
				"south": {"uv": [0, 0, 0, 16], "texture": "#missing"},
				"west": {"uv": [4, 0, 4.75, 8], "texture": "#0"},
				"up": {"uv": [0, 0, 3, 0], "rotation": 270, "texture": "#missing"},
				"down": {"uv": [0, 0, 3, 0], "rotation": 90, "texture": "#missing"}
			}
		},
		{
			"from": [0, 0, 8],
			"to": [3, 32, 8],
			"faces": {
				"north": {"uv": [5.5, 0, 6.25, 8], "texture": "#0"},
				"east": {"uv": [0, 0, 0, 16], "texture": "#missing"},
				"south": {"uv": [7, 0, 6.25, 8], "texture": "#0"},
				"west": {"uv": [0, 0, 0, 16], "texture": "#missing"},
				"up": {"uv": [0, 0, 3, 0], "texture": "#missing"},
				"down": {"uv": [0, 0, 3, 0], "texture": "#missing"}
			}
		},
		{
			"from": [0, 0, 6.5],
			"to": [3, 0, 9.5],
			"faces": {
				"north": {"uv": [0, 0, 3, 0], "texture": "#missing"},
				"east": {"uv": [0, 0, 3, 0], "texture": "#missing"},
				"south": {"uv": [0, 0, 3, 0], "texture": "#missing"},
				"west": {"uv": [0, 0, 3, 0], "texture": "#missing"},
				"up": {"uv": [7, 0, 7.75, 0.75], "texture": "#0"},
				"down": {"uv": [7.75, 0.75, 7, 1.5], "texture": "#0"}
			}
		},
		{
			"from": [0, 29, 6.5],
			"to": [3, 32, 9.5],
			"faces": {
				"north": {"uv": [9.25, 0, 10, 0.75], "texture": "#0"},
				"east": {"uv": [8.5, 0, 9.25, 0.75], "texture": "#0"},
				"south": {"uv": [8.5, 0.75, 9.25, 1.5], "texture": "#0"},
				"west": {"uv": [7.75, 0.75, 8.5, 1.5], "texture": "#0"},
				"up": {"uv": [7.75, 0, 8.5, 0.75], "texture": "#0"},
				"down": {"uv": [9.25, 0.75, 10, 1.5], "texture": "#0"}
			}
		},
		{
			"from": [4.84776, 19, 7.23463],
			"to": [6.84776, 29, 7.23463],
			"rotation": {"angle": 0, "axis": "y", "origin": [10.65741, 24, 7.61736]},
			"faces": {
				"north": {"uv": [3, 0, 3.5, 2.5], "texture": "#0"},
				"east": {"uv": [0, 0, 0, 10], "texture": "#missing"},
				"south": {"uv": [0.5, 2.5, 1, 5], "texture": "#0"},
				"west": {"uv": [0, 0, 0, 10], "texture": "#missing"},
				"up": {"uv": [0, 0, 16, 0], "texture": "#missing"},
				"down": {"uv": [0, 0, 16, 0], "texture": "#missing"}
			}
		},
		{
			"from": [12.54328, 19, 8.76537],
			"to": [14.54328, 29, 8.76537],
			"rotation": {"angle": 0, "axis": "y", "origin": [10.65741, 24, 7.1481]},
			"faces": {
				"north": {"uv": [1, 0, 1.5, 2.5], "texture": "#0"},
				"east": {"uv": [0, 0, 0, 10], "texture": "#missing"},
				"south": {"uv": [2.5, 2.5, 3, 5], "texture": "#0"},
				"west": {"uv": [0, 0, 0, 10], "texture": "#missing"},
				"up": {"uv": [0, 0, 16, 0], "texture": "#missing"},
				"down": {"uv": [0, 0, 16, 0], "texture": "#missing"}
			}
		},
		{
			"from": [8.69552, 19, 8],
			"to": [10.69552, 29, 8],
			"rotation": {"angle": 0, "axis": "y", "origin": [10.65741, 24, 7.61736]},
			"faces": {
				"north": {"uv": [2, 0, 2.5, 2.5], "texture": "#0"},
				"east": {"uv": [0, 0, 0, 10], "texture": "#missing"},
				"south": {"uv": [1.5, 2.5, 2, 5], "texture": "#0"},
				"west": {"uv": [0, 0, 0, 10], "texture": "#missing"},
				"up": {"uv": [0, 0, 16, 0], "texture": "#missing"},
				"down": {"uv": [0, 0, 16, 0], "texture": "#missing"}
			}
		},
		{
			"from": [6.99167, 19, 8.72158],
			"to": [8.99167, 29, 8.72158],
			"rotation": {"angle": -22.5, "axis": "y", "origin": [10.65741, 24, 7.61736]},
			"faces": {
				"north": {"uv": [2.5, 0, 3, 2.5], "texture": "#0"},
				"east": {"uv": [0, 0, 0, 10], "texture": "#missing"},
				"south": {"uv": [1, 2.5, 1.5, 5], "texture": "#0"},
				"west": {"uv": [0, 0, 0, 10], "texture": "#missing"},
				"up": {"uv": [0, 0, 16, 0], "texture": "#missing"},
				"down": {"uv": [0, 0, 16, 0], "texture": "#missing"}
			}
		},
		{
			"from": [15.50947, 19, 9.94328],
			"to": [17.50947, 29, 9.94328],
			"rotation": {"angle": 22.5, "axis": "y", "origin": [12.06548, 24, 11.78401]},
			"faces": {
				"north": {"uv": [0.5, 0, 1, 2.5], "texture": "#0"},
				"east": {"uv": [0, 0, 0, 10], "texture": "#missing"},
				"south": {"uv": [3, 2.5, 3.5, 5], "texture": "#0"},
				"west": {"uv": [0, 0, 0, 10], "texture": "#missing"},
				"up": {"uv": [0, 0, 16, 0], "texture": "#missing"},
				"down": {"uv": [0, 0, 16, 0], "texture": "#missing"}
			}
		},
		{
			"from": [16.39104, 19, 8],
			"to": [18.39104, 29, 8],
			"rotation": {"angle": 0, "axis": "y", "origin": [10.65779, 24, 7.61729]},
			"faces": {
				"north": {"uv": [0, 0, 0.5, 2.5], "texture": "#0"},
				"east": {"uv": [0, 0, 0, 10], "texture": "#missing"},
				"south": {"uv": [3.5, 2.5, 4, 5], "texture": "#0"},
				"west": {"uv": [0, 0, 0, 10], "texture": "#missing"},
				"up": {"uv": [0, 0, 16, 0], "texture": "#missing"},
				"down": {"uv": [0, 0, 16, 0], "texture": "#missing"}
			}
		},
		{
			"from": [3.43607, 19, 5.04043],
			"to": [5.43607, 29, 5.04043],
			"rotation": {"angle": 22.5, "axis": "y", "origin": [10.65741, 24, 7.61736]},
			"faces": {
				"north": {"uv": [3.5, 0, 4, 2.5], "texture": "#0"},
				"east": {"uv": [0, 0, 0, 10], "texture": "#missing"},
				"south": {"uv": [0, 2.5, 0.5, 5], "texture": "#0"},
				"west": {"uv": [0, 0, 0, 10], "texture": "#missing"},
				"up": {"uv": [0, 0, 16, 0], "texture": "#missing"},
				"down": {"uv": [0, 0, 16, 0], "texture": "#missing"}
			}
		},
		{
			"from": [10.82824, 19, 8.0708],
			"to": [12.82824, 29, 8.0708],
			"rotation": {"angle": -22.5, "axis": "y", "origin": [10.93984, 24, 7.70278]},
			"faces": {
				"north": {"uv": [1.5, 0, 2, 2.5], "texture": "#0"},
				"east": {"uv": [0, 0, 0, 10], "texture": "#missing"},
				"south": {"uv": [2, 2.5, 2.5, 5], "texture": "#0"},
				"west": {"uv": [0, 0, 0, 10], "texture": "#missing"},
				"up": {"uv": [0, 0, 16, 0], "texture": "#missing"},
				"down": {"uv": [0, 0, 16, 0], "texture": "#missing"}
			}
		}
	],
	"display": {
		"head": {
			"rotation": [0, 0, -180],
			"translation": [0, -30.25, 0],
			"scale": [1.6, 1.6, 1.6]
		}
	}
}