{
	"credit": "Made by Jaegerwald",
	"textures": {
		"0": "logobeta",
		"particle": "logobeta"
	},
	"elements": [
		{
			"from": [-5.25, 4, 0.5],
			"to": [-1.25, 8, 1],
			"rotation": {"angle": -45, "axis": "x", "origin": [8, 6, 0.5]},
			"faces": {
				"north": {"uv": [10, 4, 12, 6], "texture": "#0"},
				"east": {"uv": [14.25, 3.25, 15.25, 11.25], "texture": "#0"},
				"south": {"uv": [0, 8, 8, 16], "texture": "#0"},
				"west": {"uv": [15, 8, 16, 16], "texture": "#0"},
				"up": {"uv": [0, 6, 2, 6.25], "texture": "#0"},
				"down": {"uv": [9.5, 12.25, 11.5, 12.5], "texture": "#0"}
			}
		},
		{
			"from": [-0.75, 4, 0.5],
			"to": [3.25, 8, 1],
			"rotation": {"angle": -45, "axis": "x", "origin": [8, 6, 0.5]},
			"faces": {
				"north": {"uv": [8, 4, 10, 6], "texture": "#0"},
				"up": {"uv": [2, 6, 4, 6.25], "texture": "#0"},
				"down": {"uv": [2.25, 9.75, 4.25, 10], "texture": "#0"}
			}
		},
		{
			"from": [3.75, 4, 0.5],
			"to": [7.75, 8, 1],
			"rotation": {"angle": -45, "axis": "x", "origin": [8, 6, 0.5]},
			"faces": {
				"north": {"uv": [6, 4, 8, 6], "texture": "#0"},
				"up": {"uv": [4, 6, 6, 6.25], "texture": "#0"},
				"down": {"uv": [4, 9, 6, 9.25], "texture": "#0"}
			}
		},
		{
			"from": [8.25, 4, 0.5],
			"to": [12.25, 8, 1],
			"rotation": {"angle": -45, "axis": "x", "origin": [8, 6, 0.5]},
			"faces": {
				"north": {"uv": [4, 4, 6, 6], "texture": "#0"},
				"up": {"uv": [6, 6, 8, 6.25], "texture": "#0"},
				"down": {"uv": [6.5, 10, 8.5, 10.25], "texture": "#0"}
			}
		},
		{
			"from": [12.75, 4, 0.5],
			"to": [16.75, 8, 1],
			"rotation": {"angle": -45, "axis": "x", "origin": [8, 6, 0.5]},
			"faces": {
				"north": {"uv": [2, 4, 4, 6], "texture": "#0"},
				"up": {"uv": [8, 6, 10, 6.25], "texture": "#0"},
				"down": {"uv": [8, 10.25, 10, 10.5], "texture": "#0"}
			}
		},
		{
			"from": [17.25, 4, 0.5],
			"to": [21.25, 8, 1],
			"rotation": {"angle": -45, "axis": "x", "origin": [8, 6, 0.5]},
			"faces": {
				"north": {"uv": [0, 4, 2, 6], "texture": "#0"},
				"up": {"uv": [10, 6, 12, 6.25], "texture": "#0"},
				"down": {"uv": [10, 10.25, 12, 10.5], "texture": "#0"}
			}
		},
		{
			"from": [5.25, 8, 0.5],
			"to": [6.25, 12, 1],
			"rotation": {"angle": 45, "axis": "x", "origin": [7.75, 10, 0.5]},
			"faces": {
				"north": {"uv": [6, 0, 6.5, 2], "texture": "#0"},
				"down": {"uv": [4, 3.75, 4.5, 4], "texture": "#0"}
			}
		},
		{
			"from": [-3.75, 8, 0.5],
			"to": [0.25, 12, 1],
			"rotation": {"angle": 45, "axis": "x", "origin": [7.75, 10, 0.5]},
			"faces": {
				"north": {"uv": [8.5, 0, 10.5, 2], "texture": "#0"},
				"down": {"uv": [0, 3.75, 2, 4], "texture": "#0"}
			}
		},
		{
			"from": [0.75, 8, 0.5],
			"to": [4.75, 12, 1],
			"rotation": {"angle": 45, "axis": "x", "origin": [7.75, 10, 0.5]},
			"faces": {
				"north": {"uv": [6.5, 0, 8.5, 2], "texture": "#0"},
				"down": {"uv": [2, 3.75, 4, 4], "texture": "#0"}
			}
		},
		{
			"from": [6.75, 8, 0.5],
			"to": [10.75, 12, 1],
			"rotation": {"angle": 45, "axis": "x", "origin": [7.75, 10, 0.5]},
			"faces": {
				"north": {"uv": [4, 0, 6, 2], "texture": "#0"},
				"down": {"uv": [8.5, 3.75, 10.5, 4], "texture": "#0"}
			}
		},
		{
			"from": [11.25, 8, 0.5],
			"to": [15.25, 12, 1],
			"rotation": {"angle": 45, "axis": "x", "origin": [7.75, 10, 0.5]},
			"faces": {
				"north": {"uv": [2, 0, 4, 2], "texture": "#0"},
				"down": {"uv": [6.5, 3.75, 8.5, 4], "texture": "#0"}
			}
		},
		{
			"from": [15.75, 8, 0.5],
			"to": [19.75, 12, 1],
			"rotation": {"angle": 45, "axis": "x", "origin": [7.75, 10, 0.5]},
			"faces": {
				"north": {"uv": [0, 0, 2, 2], "texture": "#0"},
				"down": {"uv": [8.5, 3.75, 10.5, 4], "texture": "#0"}
			}
		}
	],
	"display": {
		"gui": {
			"rotation": [0, -180, 0]
		},
		"head": {
			"scale": [3.2, 3.2, 3.2]
		}
	},
	"groups": [
		{
			"name": "group",
			"origin": [8, 8, 8],
			"color": 0,
			"children": [0, 1, 2, 3, 4, 5, 6, 7, 8, 9, 10, 11]
		}
	]
}