{
	"credit": "Made by Jaegerwald",
	"texture_size": [128, 128],
	"textures": {
		"0": "platform0",
		"particle": "platform0"
	},
	"elements": [
		{
			"from": [-16, -16, -16],
			"to": [32, 0, 32],
			"faces": {
				"north": {"uv": [6, 0, 12, 2], "texture": "#0"},
				"east": {"uv": [6, 2, 12, 4], "texture": "#0"},
				"south": {"uv": [6, 4, 12, 6], "texture": "#0"},
				"west": {"uv": [6, 6, 12, 8], "texture": "#0"},
				"up": {"uv": [6, 6, 0, 0], "texture": "#0"},
				"down": {"uv": [6, 6, 0, 12], "texture": "#0"}
			}
		}
	],
	"display": {
		"head": {
			"translation": [0, -5, 0],
			"scale": [1.6, 1.6, 1.6]
		}
	}
}