{
	"credit": "Made by Jaegerwald",
	"textures": {
		"0": "platform2",
		"particle": "platform2"
	},
	"elements": [
		{
			"from": [0, -16, 0],
			"to": [16, 0, 16],
			"faces": {
				"north": {"uv": [4, 0, 8, 4], "texture": "#0"},
				"east": {"uv": [4, 12, 8, 16], "texture": "#0"},
				"south": {"uv": [4, 8, 8, 12], "texture": "#0"},
				"west": {"uv": [4, 4, 8, 8], "texture": "#0"},
				"up": {"uv": [0, 0, 4, 4], "texture": "#0"},
				"down": {"uv": [0, 4, 4, 8], "texture": "#0"}
			}
		}
	],
	"display": {
		"head": {
			"translation": [0, -5, 0],
			"scale": [1.6, 1.6, 1.6]
		}
	}
}