{
	"credit": "Made by Jaegerwald",
	"texture_size": [64, 64],
	"textures": {
		"0": "spike",
		"particle": "spike"
	},
	"elements": [
		{
			"from": [0, 0, 0],
			"to": [16, 1, 16],
			"faces": {
				"north": {"uv": [4, 10.5, 8, 10.75], "texture": "#0"},
				"east": {"uv": [8, 10.5, 12, 10.75], "texture": "#0"},
				"south": {"uv": [4, 10.75, 8, 11], "texture": "#0"},
				"west": {"uv": [8, 10.75, 12, 11], "texture": "#0"},
				"up": {"uv": [4, 4, 0, 0], "texture": "#0"},
				"down": {"uv": [4, 4, 0, 8], "texture": "#0"}
			}
		},
		{
			"from": [0, 0, 1],
			"to": [16, 6, 1],
			"rotation": {"angle": 22.5, "axis": "x", "origin": [0, 0, 1]},
			"faces": {
				"north": {"uv": [4, 0, 8, 1.5], "texture": "#0"},
				"east": {"uv": [0, 0, 0, 1.5], "texture": "#0"},
				"south": {"uv": [4, 1.5, 8, 3], "texture": "#0"},
				"west": {"uv": [0, 0, 0, 1.5], "texture": "#0"},
				"up": {"uv": [4, 0, 0, 0], "texture": "#0"},
				"down": {"uv": [4, 0, 0, 0], "texture": "#0"}
			}
		},
		{
			"from": [0, 1, 3],
			"to": [16, 7, 3],
			"rotation": {"angle": 22.5, "axis": "x", "origin": [0, -2, 1]},
			"faces": {
				"north": {"uv": [8, 4.5, 12, 6], "texture": "#0"},
				"east": {"uv": [0, 0, 0, 1.5], "texture": "#0"},
				"south": {"uv": [8, 6, 12, 7.5], "texture": "#0"},
				"west": {"uv": [0, 0, 0, 1.5], "texture": "#0"},
				"up": {"uv": [4, 0, 0, 0], "texture": "#0"},
				"down": {"uv": [4, 0, 0, 0], "texture": "#0"}
			}
		},
		{
			"from": [0, 0, 15],
			"to": [16, 6, 15],
			"rotation": {"angle": -22.5, "axis": "x", "origin": [0, 0, 15]},
			"faces": {
				"north": {"uv": [4, 3, 8, 4.5], "texture": "#0"},
				"east": {"uv": [0, 0, 0, 1.5], "texture": "#0"},
				"south": {"uv": [4, 4.5, 8, 6], "texture": "#0"},
				"west": {"uv": [0, 0, 0, 1.5], "texture": "#0"},
				"up": {"uv": [4, 0, 0, 0], "texture": "#0"},
				"down": {"uv": [4, 0, 0, 0], "texture": "#0"}
			}
		},
		{
			"from": [0, 1, 13],
			"to": [16, 7, 13],
			"rotation": {"angle": -22.5, "axis": "x", "origin": [0, -2, 15]},
			"faces": {
				"north": {"uv": [8, 1.5, 12, 3], "texture": "#0"},
				"east": {"uv": [0, 0, 0, 1.5], "texture": "#0"},
				"south": {"uv": [8, 3, 12, 4.5], "texture": "#0"},
				"west": {"uv": [0, 0, 0, 1.5], "texture": "#0"},
				"up": {"uv": [4, 0, 0, 0], "texture": "#0"},
				"down": {"uv": [4, 0, 0, 0], "texture": "#0"}
			}
		},
		{
			"from": [1, 0, 0],
			"to": [1, 6, 16],
			"rotation": {"angle": -22.5, "axis": "z", "origin": [1, 0, 0]},
			"faces": {
				"north": {"uv": [0, 0, 0, 1.5], "texture": "#0"},
				"east": {"uv": [0, 8, 4, 9.5], "texture": "#0"},
				"south": {"uv": [0, 0, 0, 1.5], "texture": "#0"},
				"west": {"uv": [8, 0, 12, 1.5], "texture": "#0"},
				"up": {"uv": [0, 4, 0, 0], "texture": "#0"},
				"down": {"uv": [0, 0, 0, 4], "texture": "#0"}
			}
		},
		{
			"from": [3, 1, 0],
			"to": [3, 7, 16],
			"rotation": {"angle": -22.5, "axis": "z", "origin": [1, -2, 0]},
			"faces": {
				"north": {"uv": [0, 0, 0, 1.5], "texture": "#0"},
				"east": {"uv": [8, 9, 12, 10.5], "texture": "#0"},
				"south": {"uv": [0, 0, 0, 1.5], "texture": "#0"},
				"west": {"uv": [0, 9.5, 4, 11], "texture": "#0"},
				"up": {"uv": [0, 4, 0, 0], "texture": "#0"},
				"down": {"uv": [0, 0, 0, 4], "texture": "#0"}
			}
		},
		{
			"from": [15, 0, 0],
			"to": [15, 6, 16],
			"rotation": {"angle": 22.5, "axis": "z", "origin": [15, 0, 1]},
			"faces": {
				"north": {"uv": [0, 0, 0, 1.5], "texture": "#0"},
				"east": {"uv": [4, 6, 8, 7.5], "texture": "#0"},
				"south": {"uv": [0, 0, 0, 1.5], "texture": "#0"},
				"west": {"uv": [4, 7.5, 8, 9], "texture": "#0"},
				"up": {"uv": [0, 4, 0, 0], "texture": "#0"},
				"down": {"uv": [0, 0, 0, 4], "texture": "#0"}
			}
		},
		{
			"from": [13, 1, 0],
			"to": [13, 7, 16],
			"rotation": {"angle": 22.5, "axis": "z", "origin": [15, -2, 1]},
			"faces": {
				"north": {"uv": [0, 0, 0, 1.5], "texture": "#0"},
				"east": {"uv": [8, 7.5, 12, 9], "texture": "#0"},
				"south": {"uv": [0, 0, 0, 1.5], "texture": "#0"},
				"west": {"uv": [4, 9, 8, 10.5], "texture": "#0"},
				"up": {"uv": [0, 4, 0, 0], "texture": "#0"},
				"down": {"uv": [0, 0, 0, 4], "texture": "#0"}
			}
		}
	],
	"display": {
		"head": {
			"translation": [0, -30.25, 0],
			"scale": [1.6, 1.6, 1.6]
		}
	}
}