{
    "providers": [
      {
         "type": "bitmap",
         "file": "minecraft:xIcon.png",
         "ascent": 8,
         "height": 8,
         "chars": ["\uE100"],
         "shift": [0.0, 0.0]
      },
      {
         "type": "bitmap",
         "file": "minecraft:0Icon.png",
         "ascent": 8,
         "height": 8,
         "chars": ["\uE101"],
         "shift": [0.0, 0.0]
      },
      {
         "type": "bitmap",
         "file": "minecraft:1Icon.png",
         "ascent": 8,
         "height": 8,
         "chars": ["\uE102"],
         "shift": [0.0, 0.0]
      },
      {
         "type": "bitmap",
         "file": "minecraft:2Icon.png",
         "ascent": 8,
         "height": 8,
         "chars": ["\uE103"],
         "shift": [0.0, 0.0]
      },
      {
         "type": "bitmap",
         "file": "minecraft:3Icon.png",
         "ascent": 8,
         "height": 8,
         "chars": ["\uE104"],
         "shift": [0.0, 0.0]
      },
      {
         "type": "bitmap",
         "file": "minecraft:4Icon.png",
         "ascent": 8,
         "height": 8,
         "chars": ["\uE105"],
         "shift": [0.0, 0.0]
      },
      {
         "type": "bitmap",
         "file": "minecraft:5Icon.png",
         "ascent": 8,
         "height": 8,
         "chars": ["\uE106"],
         "shift": [0.0, 0.0]
      },
      {
         "type": "bitmap",
         "file": "minecraft:6Icon.png",
         "ascent": 8,
         "height": 8,
         "chars": ["\uE107"],
         "shift": [0.0, 0.0]
      },
      {
         "type": "bitmap",
         "file": "minecraft:7Icon.png",
         "ascent": 8,
         "height": 8,
         "chars": ["\uE108"],
         "shift": [0.0, 0.0]
      },
      {
         "type": "bitmap",
         "file": "minecraft:8Icon.png",
         "ascent": 8,
         "height": 8,
         "chars": ["\uE109"],
         "shift": [0.0, 0.0]
      },
      {
         "type": "bitmap",
         "file": "minecraft:9Icon.png",
         "ascent": 8,
         "height": 8,
         "chars": ["\uE110"],
         "shift": [0.0, 0.0]
      },
      {
         "type": "bitmap",
         "file": "minecraft:ready.png",
         "ascent": 64,
         "height": 64,
         "chars": ["\uE111"],
         "shift": [0.0, 0.0]
      },
      {
         "type": "bitmap",
         "file": "minecraft:set.png",
         "ascent": 64,
         "height": 64,
         "chars": ["\uE112"],
         "shift": [0.0, 0.0]
      },
      {
         "type": "bitmap",
         "file": "minecraft:go.png",
         "ascent": 64,
         "height": 64,
         "chars": ["\uE113"],
         "shift": [0.0, 0.0]
      },
      {
         "type": "bitmap",
         "file": "minecraft:flagIco.png",
         "ascent": 8,
         "height": 8,
         "chars": ["\uE114"],
         "shift": [0.0, 0.0]
      },
      {
         "type": "bitmap",
         "file": "minecraft:flags.png",
         "ascent": 64,
         "height": 64,
         "chars": ["\uE115"],
         "shift": [0.0, 0.0]
      },
      {
         "type": "bitmap",
         "file": "minecraft:pointIco.png",
         "ascent": 8,
         "height": 8,
         "chars": ["\uE116"],
         "shift": [0.0, 0.0]
      },
      {
         "type": "bitmap",
         "file": "minecraft:points.png",
         "ascent": 64,
         "height": 64,
         "chars": ["\uE117"],
         "shift": [0.0, 0.0]
      },
      {
         "type": "bitmap",
         "file": "minecraft:icon0.png",
         "ascent": 16,
         "height": 16,
         "chars": ["\uE118"],
         "shift": [0.0, 0.0]
      },
      {
         "type": "bitmap",
         "file": "minecraft:icon1.png",
         "ascent": 16,
         "height": 16,
         "chars": ["\uE119"],
         "shift": [0.0, 0.0]
      },
      {
         "type": "bitmap",
         "file": "minecraft:icon2.png",
         "ascent": 16,
         "height": 16,
         "chars": ["\uE120"],
         "shift": [0.0, 0.0]
      },
      {
         "type": "bitmap",
         "file": "minecraft:doubledots.png",
         "ascent": 8,
         "height": 8,
         "chars": ["\uE121"],
         "shift": [0.0, 0.0]
      },
      {
         "type": "bitmap",
         "file": "minecraft:right.png",
         "ascent": 64,
         "height": 64,
         "chars": ["\uE122"],
         "shift": [0.0, 0.0]
      },
      {
         "type": "bitmap",
         "file": "minecraft:click.png",
         "ascent": 64,
         "height": 64,
         "chars": ["\uE123"],
         "shift": [0.0, 0.0]
      },
      {
         "type": "bitmap",
         "file": "minecraft:to.png",
         "ascent": 64,
         "height": 64,
         "chars": ["\uE124"],
         "shift": [0.0, 0.0]
      },
      {
         "type": "bitmap",
         "file": "minecraft:start.png",
         "ascent": 64,
         "height": 64,
         "chars": ["\uE125"],
         "shift": [0.0, 0.0]
      },
      {
         "type": "bitmap",
         "file": "minecraft:thank.png",
         "ascent": 64,
         "height": 64,
         "chars": ["\uE126"],
         "shift": [0.0, 0.0]
      },
      {
         "type": "bitmap",
         "file": "minecraft:youfor.png",
         "ascent": 64,
         "height": 64,
         "chars": ["\uE127"],
         "shift": [0.0, 0.0]
      },
      {
         "type": "bitmap",
         "file": "minecraft:playing.png",
         "ascent": 64,
         "height": 64,
         "chars": ["\uE128"],
         "shift": [0.0, 0.0]
      }
    ]
}