{
  "type": "chest",
  "pools": [
    {
      "rolls": 3,
      "entries": [
        {
          "type": "item",
          "weight": 1,
          "name": "minecraft:potato",
          "functions": [
            {
              "function": "set_count",
              "count": 5
            },
            {
              "function": "set_nbt",
              "tag": "{CustomModelData:6990002,goldpotato:1b}"
            },
            {
              "function": "set_name",
              "name": [
                {
                  "text": "Golden Potato",
                  "color": "gold",
                  "bold": "false",
                  "italic": "false"
                }
              ]
            }
          ]
        },
        {
          "type": "item",
          "weight": 1,
          "name": "minecraft:apple",
          "functions": [
            {
              "function": "set_count",
              "count": 5
            },
            {
              "function": "set_nbt",
              "tag": "{CustomModelData:6990004,applepotato:1b}"
            },
            {
              "function": "set_name",
              "name": [
                {
                  "text": "Apple Potato",
                  "color": "gold",
                  "bold": "false",
                  "italic": "false"
                }
              ]
            }
          ]
        },
        {
          "type": "item",
          "weight": 1,
          "name": "minecraft:beetroot",
          "functions": [
            {
              "function": "set_count",
              "count": 5
            },
            {
              "function": "set_nbt",
              "tag": "{CustomModelData:6990003,honeypotato:1b}"
            },
            {
              "function": "set_name",
              "name": [
                {
                  "text": "Honey Potato",
                  "color": "gold",
                  "bold": "false",
                  "italic": "false"
                }
              ]
            }
          ]
        },
        {
          "type": "item",
          "weight": 1,
          "name": "minecraft:dried_kelp",
          "functions": [
            {
              "function": "set_count",
              "count": 5
            },
            {
              "function": "set_nbt",
              "tag": "{CustomModelData:6990001,sweetpotato:1b}"
            },
            {
              "function": "set_name",
              "name": [
                {
                  "text": "Sweet Potato",
                  "color": "gold",
                  "bold": "false",
                  "italic": "false"
                }
              ]
            }
          ]
        },
        {
          "type": "item",
          "weight": 1,
          "name": "minecraft:carrot",
          "functions": [
            {
              "function": "set_count",
              "count": 5
            },
            {
              "function": "set_nbt",
              "tag": "{CustomModelData:6990007,carrotpotato:1b}"
            },
            {
              "function": "set_name",
              "name": [
                {
                  "text": "Carrot Potato",
                  "color": "gold",
                  "bold": "false",
                  "italic": "false"
                }
              ]
            }
          ]
        },
        {
          "type": "item",
          "weight": 1,
          "name": "minecraft:rotten_flesh",
          "functions": [
            {
              "function": "set_count",
              "count": 5
            },
            {
              "function": "set_nbt",
              "tag": "{CustomModelData:6990006,unknownpotato:1b}"
            },
            {
              "function": "set_name",
              "name": [
                {
                  "text": "Unknown Potato",
                  "color": "gold",
                  "bold": "false",
                  "italic": "false"
                }
              ]
            }
          ]
        },
        {
          "type": "item",
          "weight": 1,
          "name": "minecraft:sweet_berries",
          "functions": [
            {
              "function": "set_count",
              "count": 5
            },
            {
              "function": "set_nbt",
              "tag": "{CustomModelData:6990005,unripepotato:1b}"
            },
            {
              "function": "set_name",
              "name": [
                {
                  "text": "Unripe Potato",
                  "color": "gold",
                  "bold": "false",
                  "italic": "false"
                }
              ]
            }
          ]
        },
        {
          "type": "item",
          "weight": 1,
          "name": "minecraft:pumpkin_pie",
          "functions": [
            {
              "function": "set_count",
              "count": 5
            },
            {
              "function": "set_nbt",
              "tag": "{CustomModelData:6990009,cakepotato:1b}"
            },
            {
              "function": "set_name",
              "name": [
                {
                  "text": "Cake Potato",
                  "color": "gold",
                  "bold": "false",
                  "italic": "false"
                }
              ]
            }
          ]
        },
        {
          "type": "item",
          "weight": 1,
          "name": "minecraft:cookie",
          "functions": [
            {
              "function": "set_count",
              "count": 5
            },
            {
              "function": "set_nbt",
              "tag": "{CustomModelData:6990010,cookiepotato:1b}"
            },
            {
              "function": "set_name",
              "name": [
                {
                  "text": "Cookie Potato",
                  "color": "gold",
                  "bold": "false",
                  "italic": "false"
                }
              ]
            }
          ]
        },
        {
          "type": "item",
          "weight": 1,
          "name": "minecraft:cooked_cod",
          "functions": [
            {
              "function": "set_count",
              "count": 5
            },
            {
              "function": "set_nbt",
              "tag": "{CustomModelData:6990011,berrypotato:1b}"
            },
            {
              "function": "set_name",
              "name": [
                {
                  "text": "Sweet Berry Potato",
                  "color": "gold",
                  "bold": "false",
                  "italic": "false"
                }
              ]
            }
          ]
        },
        {
          "type": "item",
          "weight": 1,
          "name": "minecraft:chorus_fruit",
          "functions": [
            {
              "function": "set_count",
              "count": 5
            },
            {
              "function": "set_nbt",
              "tag": "{CustomModelData:6990012,choruspotato:1b}"
            },
            {
              "function": "set_name",
              "name": [
                {
                  "text": "Chorus Potato",
                  "color": "gold",
                  "bold": "false",
                  "italic": "false"
                }
              ]
            }
          ]
        },
        {
          "type": "item",
          "weight": 1,
          "name": "minecraft:melon_slice",
          "functions": [
            {
              "function": "set_count",
              "count": 5
            },
            {
              "function": "set_nbt",
              "tag": "{CustomModelData:6990013,melonpotato:1b}"
            },
            {
              "function": "set_name",
              "name": [
                {
                  "text": "Melon Potato",
                  "color": "gold",
                  "bold": "false",
                  "italic": "false"
                }
              ]
            }
          ]
        }
      ]
    }
  ]
}