{
	"credit": "Made with Blockbench",
	"textures": {
		"1": "tamed_potatoes/potato_cooker/potato_cooker"
	},
	"elements": [
		{
			"from": [0, 0, 0],
			"to": [16, 2, 16],
			"faces": {
				"north": {"uv": [0, 4, 4, 4.5], "texture": "#1"},
				"east": {"uv": [0, 4, 4, 4.5], "texture": "#1"},
				"south": {"uv": [0, 4, 4, 4.5], "texture": "#1"},
				"west": {"uv": [0, 4, 4, 4.5], "texture": "#1"},
				"up": {"uv": [0, 0, 4, 4], "texture": "#1"},
				"down": {"uv": [0, 4.5, 4, 8.5], "texture": "#1"}
			}
		},
		{
			"from": [0, 2, 0],
			"to": [2, 16, 16],
			"faces": {
				"north": {"uv": [7.25, 0.5, 7.75, 4], "texture": "#1"},
				"east": {"uv": [4.25, 0.5, 7.75, 4], "texture": "#1"},
				"south": {"uv": [4.25, 0.5, 4.75, 4], "texture": "#1"},
				"west": {"uv": [4.25, 0.5, 7.75, 4.25], "texture": "#1"},
				"up": {"uv": [0, 0, 2, 14], "texture": "#1"},
				"down": {"uv": [0, 0, 2, 14], "texture": "#1"}
			}
		},
		{
			"from": [2, 2, 13],
			"to": [14, 16, 16],
			"faces": {
				"north": {"uv": [4.5, 0.5, 7.5, 4], "texture": "#1"},
				"east": {"uv": [0, 0, 2, 6], "texture": "#1"},
				"south": {"uv": [4.5, 0.5, 7.5, 4], "texture": "#1"},
				"west": {"uv": [0, 0, 2, 6], "texture": "#1"},
				"up": {"uv": [0, 0, 10, 2], "texture": "#1"},
				"down": {"uv": [0, 0, 10, 2], "texture": "#1"}
			}
		},
		{
			"from": [2, 2, 0],
			"to": [14, 16, 3],
			"faces": {
				"north": {"uv": [4.5, 4.25, 7.5, 7.75], "texture": "#1"},
				"east": {"uv": [0, 0, 2, 6], "texture": "#1"},
				"south": {"uv": [4.5, 4.25, 7.5, 7.75], "texture": "#1"},
				"west": {"uv": [0, 0, 2, 6], "texture": "#1"},
				"up": {"uv": [0, 0, 10, 2], "texture": "#1"},
				"down": {"uv": [0, 0, 10, 2], "texture": "#1"}
			}
		},
		{
			"from": [14, 2, 0],
			"to": [16, 16, 16],
			"faces": {
				"north": {"uv": [4.25, 0.5, 4.75, 4], "texture": "#1"},
				"east": {"uv": [4.25, 0.5, 7.75, 4.25], "texture": "#1"},
				"south": {"uv": [7.25, 0.5, 7.75, 4], "texture": "#1"},
				"west": {"uv": [4.25, 0.5, 7.75, 4], "texture": "#1"},
				"up": {"uv": [0, 0, 2, 14], "texture": "#1"},
				"down": {"uv": [0, 0, 2, 14], "texture": "#1"}
			}
		},
		{
			"from": [0, 16, 0],
			"to": [16, 18, 16],
			"faces": {
				"north": {"uv": [4.25, 0.25, 7.75, 0.75], "texture": "#1"},
				"east": {"uv": [4.25, 0.25, 7.75, 0.75], "texture": "#1"},
				"south": {"uv": [4.25, 0.25, 7.75, 0.75], "texture": "#1"},
				"west": {"uv": [4.25, 0.25, 7.75, 0.75], "texture": "#1"},
				"up": {"uv": [4.25, 0.25, 7.75, 4], "texture": "#1"},
				"down": {"uv": [4.25, 0.25, 7.75, 3.75], "texture": "#1"}
			}
		},
		{
			"from": [8, 23, 10],
			"to": [14, 25, 16],
			"faces": {
				"north": {"uv": [5.25, 0.5, 6.75, 1], "texture": "#1"},
				"east": {"uv": [5.25, 0, 6.75, 0.5], "texture": "#1"},
				"south": {"uv": [3.75, 0.5, 5.25, 1], "texture": "#1"},
				"west": {"uv": [3.75, 0, 5.25, 0.5], "texture": "#1"},
				"up": {"uv": [9, 0, 10.5, 1.5], "texture": "#1"},
				"down": {"uv": [3.75, 1, 5.25, 2.5], "texture": "#1"}
			}
		},
		{
			"from": [9, 17, 11],
			"to": [13, 23, 15],
			"faces": {
				"north": {"uv": [8, 0, 9, 1.5], "texture": "#1"},
				"east": {"uv": [8, 0, 9, 1.5], "texture": "#1"},
				"south": {"uv": [8, 0, 9, 1.5], "texture": "#1"},
				"west": {"uv": [8, 0, 9, 1.5], "texture": "#1"},
				"up": {"uv": [0, 0, 4, 4], "texture": "#1"},
				"down": {"uv": [0, 0, 4, 4], "texture": "#1"}
			}
		}
	],
	"display": {
		"thirdperson_righthand": {
			"rotation": [75, 45, 0],
			"translation": [0, 2.5, 0],
			"scale": [0.375, 0.375, 0.375]
		},
		"thirdperson_lefthand": {
			"rotation": [75, 45, 0],
			"translation": [0, 2.5, 0],
			"scale": [0.375, 0.375, 0.375]
		},
		"firstperson_righthand": {
			"rotation": [0, 45, 0],
			"scale": [0.4, 0.4, 0.4]
		},
		"firstperson_lefthand": {
			"rotation": [0, 225, 0],
			"scale": [0.4, 0.4, 0.4]
		},
		"ground": {
			"translation": [0, 3, 0],
			"scale": [0.25, 0.25, 0.25]
		},
		"gui": {
			"rotation": [30, 225, 0],
			"scale": [0.625, 0.625, 0.625]
		},
		"head": {
			"translation": [0, -32, 0],
			"scale": [1.7, 1.7, 1.7]
		},
		"fixed": {
			"scale": [0.5, 0.5, 0.5]
		}
	}
}