{
    "parent": "item/generated",
    "textures": {
        "layer0": "item/stick"
    },
    "overrides": [
    {"predicate": {"custom_model_data":6960001}, "model": "tamed_potatoes/breeding_boxes/breeding_box"}, 
    {"predicate": {"custom_model_data":6960002}, "model": "tamed_potatoes/breeding_boxes/breeding_box_planted"},
    {"predicate": {"custom_model_data":6960003}, "model": "tamed_potatoes/breeding_boxes/plant_big"},
    {"predicate": {"custom_model_data":6960004}, "model": "tamed_potatoes/breeding_boxes/plant_small"},
    {"predicate": {"custom_model_data":6960005}, "model": "tamed_potatoes/potato_cooker/potato_cooker"}
  ]
}